-- 采油厂油水井作业成本管理系统 - 建库建表脚本
IF EXISTS(SELECT * FROM sys.databases WHERE name='zyxt')
    DROP DATABASE zyxt;
CREATE DATABASE zyxt;
GO

USE zyxt;
GO

-- 创建基础表
CREATE TABLE 单位代码表(
    单位代码 CHAR(10) PRIMARY KEY,
    单位名称 NVARCHAR(50) NOT NULL
);
GO

CREATE TABLE 油水井表(
    井号 CHAR(10) PRIMARY KEY,
    井别 CHAR(4) NOT NULL,
    单位代码 CHAR(10) NOT NULL
);
GO

CREATE TABLE 施工单位表(
    施工单位名称 NVARCHAR(50) PRIMARY KEY
);
GO

CREATE TABLE 物码表(
    物码 CHAR(10) PRIMARY KEY,
    名称规格 NVARCHAR(50) NOT NULL,
    计量单位 CHAR(10) NOT NULL
);
GO

CREATE TABLE 作业项目表(
    单据号 CHAR(20) PRIMARY KEY,
    预算单位 CHAR(10) NOT NULL,
    井号 CHAR(10) NOT NULL,
    预算金额 MONEY NOT NULL,
    预算人 NVARCHAR(20) NOT NULL,
    预算日期 DATE NOT NULL,
    开工日期 DATE NULL,
    完工日期 DATE NULL,
    施工单位 NVARCHAR(50) NULL,
    施工内容 NVARCHAR(100) NULL,
    材料费 MONEY NULL,
    人工费 MONEY NULL,
    设备费 MONEY NULL,
    其它费用 MONEY NULL,
    结算金额 MONEY NULL,
    结算人 NVARCHAR(20) NULL,
    结算日期 DATE NULL,
    入账金额 MONEY NULL,
    入账人 NVARCHAR(20) NULL,
    入账日期 DATE NULL
);
GO

CREATE TABLE 材料费表(
    单据号 CHAR(20) NOT NULL,
    物码 CHAR(10) NOT NULL,
    消耗数量 INT NOT NULL,
    单价 MONEY NOT NULL,
    PRIMARY KEY(单据号,物码)
);
GO

-- 插入基础数据
INSERT INTO 单位代码表(单位代码,单位名称) VALUES
('1122','采油厂'),
('112201','采油一矿'),
('112202','采油二矿'),
('112201001','采油一矿一队'),
('112201002','采油一矿二队'),
('112201003','采油一矿三队'),
('112202001','采油二矿一队'),
('112202002','采油二矿二队');
GO

INSERT INTO 油水井表(井号,井别,单位代码) VALUES
('y001','油井','112201001'),
('y002','油井','112201001'),
('y003','油井','112201002'),
('s001','水井','112201002'),
('y004','油井','112201003'),
('s002','水井','112202001'),
('s003','水井','112202001'),
('y005','油井','112202002');
GO

INSERT INTO 施工单位表(施工单位名称) VALUES
('作业公司作业一队'),
('作业公司作业二队'),
('作业公司作业三队');
GO

INSERT INTO 物码表(物码,名称规格,计量单位) VALUES
('wm001','材料一','吨'),
('wm002','材料二','米'),
('wm003','材料三','桶'),
('wm004','材料四','袋');
GO

-- 插入作业项目数据
INSERT INTO 作业项目表 VALUES
('zy2018001','112201001','y001',10000.00,'张三','2018-05-01',
 '2018-05-04','2018-05-25','作业公司作业一队','堵漏',7000.00,
 2500.00,1000.00,1400.00,11900.00,'李四','2018-05-26',
 11900.00,'王五','2018-05-28');

INSERT INTO 作业项目表 VALUES
('zy2018002','112201002','y003',11000.00,'张三','2018-05-01',
 '2018-05-04','2018-05-23','作业公司作业二队','检泵',6000.00,
 1500.00,1000.00,2400.00,10900.00,'李四','2018-05-26',
 10900.00,'王五','2018-05-28');

INSERT INTO 作业项目表 VALUES
('zy2018003','112201002','s001',10400.00,'张三','2018-05-01',
 '2018-05-06','2018-05-23','作业公司作业二队','调剖',6500.00,
 2000.00,500.00,1400.00,10400.00,'李四','2018-05-26',
 10400.00,'王五','2018-05-28');

INSERT INTO 作业项目表 VALUES
('zy2018004','112202001','s002',12000.00,'张三','2018-05-01',
 '2018-05-04','2018-05-24','作业公司作业三队','解堵',6000.00,
 2000.00,1000.00,1600.00,10600.00,'李四','2018-05-26',
 10600.00,'赵六','2018-05-28');

INSERT INTO 作业项目表 VALUES
('zy2018005','112202002','y005',12000.00,'张三','2018-05-01',
 '2018-05-04','2018-05-28','作业公司作业三队','防砂',7000.00,
 1000.00,2000.00,1300.00,11300.00,'李四','2018-06-01',
 NULL, NULL, NULL);
GO

-- 插入材料费明细
INSERT INTO 材料费表 VALUES
('zy2018001','wm001',200,10),
('zy2018001','wm002',200,10),
('zy2018001','wm003',200,10),
('zy2018001','wm004',100,10),
('zy2018002','wm001',200,10),
('zy2018002','wm002',200,10),
('zy2018002','wm003',200,10),
('zy2018003','wm001',200,10),
('zy2018003','wm002',200,10),
('zy2018003','wm003',250,10),
('zy2018004','wm001',200,10),
('zy2018004','wm002',200,10),
('zy2018004','wm004',200,10),
('zy2018005','wm001',200,10),
('zy2018005','wm002',200,10),
('zy2018005','wm004',300,10);
GO

-- 创建视图
CREATE VIEW V_作业项目材料费 AS
SELECT 
    A.单据号, A.预算单位, A.井号, A.预算金额, A.预算人, A.预算日期,
    A.开工日期, A.完工日期, A.施工单位, A.施工内容,
    A.材料费, A.人工费, A.设备费, A.其它费用, A.结算金额,
    A.结算人, A.结算日期, A.入账金额, A.入账人, A.入账日期,
    B.物码, B.消耗数量, B.单价,
    C.名称规格 AS 材料名称, C.计量单位
FROM 作业项目表 A
LEFT JOIN 材料费表 B ON A.单据号 = B.单据号
LEFT JOIN 物码表 C ON B.物码 = C.物码;
GO
